Address,0,1,2,3,4,5,6,7,8,9,A,B,C,D,E,F,
0,0xA2, 0x13, 0x10, 0x91, 0xFF, 0xFF, 0x81, 0x15,'U', 'P', 'B', 'A', 'N', 'K', 0x00," 0x00 		",
1,0x76, 0x48, 0x86, 0x51, 0xFF, 0xD2, 0x76, 0x00,0x00, 0x04, 0x00, 0xFF, 0x80, 0x01, 0xFF, 0xFF,
2,0xFF, 0xFF, 0xFF, 0xFF, 0xFF, 0xFF, 0xFF, 0xFF,0xFF, 0xFF, 0xFF, 0xFF, 0xFF, 0xFF, 0xFF, 0xFF,
3,0xFF, 0xFF, 0x37, 0x36, 0x39, 0x30, 0x31, 0xFF,0xFF, 0xFF, 0xFF, 0xFF, 0x46, 0x72, 0x65, 0x64,
4,0x20, 0x4B, 0x69, 0x6E, 0x67, 0xFF, 0xFF, 0xFF,0xFF, 0xFF, 0xFF, 0xFF, 0xFF, 0xFF, 0xFF, 0xFF,
5,0x5B, 0x53, 0x2C, 0x32, 0x34, 0x30, 0x30, 0x30,0x5D, 0x21, 0x5B, 0x43, 0x2C, 0x31, 0x35, 0x30,
6,0x30, 0x30, 0x5D, 0x21, 0x5B, 0x44, 0x2C, 0x30,0x33, 0x30, 0x30, 0x30, 0x5D, 0x21, 0xFF, 0xFF,
7,0xFF, 0xFF, 0xFF, 0xFF, 0xFF, 0xFF, 0xFF, 0xFF,0xFF, 0xFF, 0xFF, 0xFF, 0xFF, 0xFF, 0xFF, 0xFF,
8,0xFF, 0xFF, 0xFF, 0xFF, 0xFF, 0xFF, 0xFF, 0xFF,0xFF, 0xFF, 0xFF, 0xFF, 0xFF, 0xFF, 0xFF, 0xFF,
9,0xFF, 0xFF, 0xFF, 0xFF, 0xFF, 0xFF, 0xFF, 0xFF,0xFF, 0xFF, 0xFF, 0xFF, 0xFF, 0xFF, 0xFF, 0xFF,
A,0xFF, 0xFF, 0xFF, 0xFF, 0xFF, 0xFF, 0xFF, 0xFF,0xFF, 0xFF, 0xFF, 0xFF, 0xFF, 0xFF, 0xFF, 0xFF,
B,0xFF, 0xFF, 0xFF, 0xFF, 0xFF, 0xFF, 0xFF, 0xFF,0xFF, 0xFF, 0xFF, 0xFF, 0xFF, 0xFF, 0xFF, 0xFF,
C,0xFF, 0xFF, 0xFF, 0xFF, 0xFF, 0xFF, 0xFF, 0xFF,0xFF, 0xFF, 0xFF, 0xFF, 0xFF, 0xFF, 0xFF, 0xFF,
D,0xFF, 0xFF, 0xFF, 0xFF, 0xFF, 0xFF, 0xFF, 0xFF,0xFF, 0xFF, 0xFF, 0xFF, 0xFF, 0xFF, 0xFF, 0xFF,
E,0xFF, 0xFF, 0xFF, 0xFF, 0xFF, 0xFF, 0xFF, 0xFF,0xFF, 0xFF, 0xFF, 0xFF, 0xFF, 0xFF, 0xFF, 0xFF,
F,0xFF, 0xFF, 0xFF, 0xFF, 0xFF, 0xFF, 0xFF, 0xFF,0xFF, 0xFF, 0xFF, 0xFF, 0xFF, 0xFF, 0xFF, 0xFF,
,,,,,,,,,,,,,,,,,Prewriten
